n_estimators,n_trees_df,mean_accuracy,std_accuracy
2,20,0.5499999999999999,0.029999999999999992
