n_estimators,n_trees_df,mean_accuracy,std_accuracy
2,10,0.8894736842105264,0.03018359742821974
2,20,0.8859649122807017,0.020003077633318236
2,30,0.9035087719298247,0.00960916767552922
3,10,0.8964912280701753,0.018731716231633857
3,20,0.9017543859649123,0.01022974016639525
3,30,0.8964912280701756,0.008594700851870786
