n_estimators,mean_accuracy,std_accuracy
20,0.7333333333333334,0.06324555320336762
50,0.7733333333333332,0.05734883511361754
100,0.78,0.040000000000000036
200,0.7866666666666667,0.026666666666666658
