n_estimators,mean_accuracy,std_accuracy
20,0.6100000000000001,0.027568097504180468
50,0.656,0.016248076809271934
100,0.6660000000000001,0.014966629547095779
200,0.6839999999999999,0.018547236990991374
