n_estimators,mean_accuracy,std_accuracy
20,0.8754385964912281,0.023141940277671774
50,0.868421052631579,0.018400155231055294
100,0.8771929824561402,0.011095711088310084
200,0.8666666666666668,0.02030848579436883
