n_estimators,mean_accuracy,std_accuracy
20,0.51625,0.007756046028744282
50,0.54375,0.0059292706128157135
100,0.54625,0.00605959982177042
200,0.5506249999999999,0.008705242673240066
