Model,Mean Accuracy,Std
KSVM,0.6666666666666666,0.0
NN,0.6222222222222221,0.0598351645237167
PRF,0.4777777777777778,0.08534606386520675
PDRF,0.4611111111111111,0.1095726829073112
DF,0.29444444444444445,0.0950957931590205
RF,0.2111111111111111,0.03685138655950444
