n_estimators,n_trees_drf,mean_accuracy,std_accuracy
2,10,0.9157894736842105,0.02807017543859647
2,20,0.9333333333333333,0.016269506132448604
2,30,0.9192982456140351,0.010229740166395261
3,10,0.9157894736842106,0.010526315789473672
3,20,0.9333333333333333,0.010526315789473686
3,30,0.9280701754385966,0.01403508771929822
