n_estimators,bootstrap,max_depth,max_features,mean_accuracy,std_accuracy
20,True,,sqrt,0.9192982456140351,0.006564311204866584
50,True,,sqrt,0.9298245614035088,0.011095711088310103
100,True,,sqrt,0.9298245614035089,0.007845852552630867
200,True,,sqrt,0.9280701754385966,0.008594700851870828
