n_estimators,n_trees_drf,mean_accuracy,std_accuracy
2,10,0.8736842105263157,0.020459480332790547
2,20,0.8894736842105264,0.01806250901927546
2,30,0.9035087719298245,0.0055478555441550335
3,10,0.8947368421052632,0.016643566632465173
3,20,0.8824561403508773,0.016269506132448604
3,30,0.8964912280701753,0.012892051277806212
