n_estimators,bootstrap,max_depth,max_features,mean_accuracy,std_accuracy
20,True,,sqrt,0.7060000000000001,0.013564659966250548
50,True,,sqrt,0.7200000000000001,0.018973665961010293
100,True,,sqrt,0.734,0.022449944320643664
200,True,,sqrt,0.738,0.02039607805437116
