n_estimators,bootstrap,max_depth,max_features,mean_accuracy,std_accuracy
20,True,,sqrt,0.9421052631578947,0.004297350425935359
50,True,,sqrt,0.9456140350877194,0.008594700851870774
100,True,,sqrt,0.9438596491228071,0.004297350425935358
200,True,,sqrt,0.9421052631578947,0.004297350425935359
