n_estimators,bootstrap,max_depth,max_features,mean_accuracy,std_accuracy
20,True,,sqrt,0.9596491228070174,0.017189401703741582
50,True,,sqrt,0.9631578947368421,0.015091798714109875
100,True,,sqrt,0.9578947368421054,0.0065643112048665835
200,True,,sqrt,0.9614035087719298,0.004297350425935414
