n_estimators,mean_accuracy,std_accuracy
20,0.887719298245614,0.03899317679104012
50,0.8929824561403509,0.018731716231633874
100,0.8824561403508773,0.014252698955501686
200,0.8929824561403509,0.011637279966159297
