n_estimators,mean_accuracy,std_accuracy
20,0.5449999999999999,0.01796263482899989
50,0.55875,0.01071651762467641
100,0.5581250000000001,0.01289985465034391
200,0.5725,0.009354143466934839
