n_estimators,mean_accuracy,std_accuracy
20,0.7255,0.013453624047073717
50,0.7905,0.011554220008291352
100,0.8095000000000001,0.00509901951359279
200,0.817,0.005567764362830031
