n_estimators,mean_accuracy,std_accuracy
20,0.6500000000000001,0.015491933384829681
50,0.7,0.03033150177620619
100,0.712,0.027129319932501044
200,0.732,0.013266499161421611
