n_estimators,mean_accuracy,std_accuracy
20,0.9140350877192981,0.01022974016639525
50,0.9175438596491228,0.013128622409733129
100,0.9280701754385964,0.0065643112048665835
200,0.9315789473684211,0.008594700851870828
