n_estimators,mean_accuracy,std_accuracy
20,0.5287499999999999,0.026398390102428625
50,0.5675000000000001,0.012899854650343955
100,0.5825,0.012279301690242822
200,0.5800000000000001,0.010000000000000014
