Model,Accuracy
PRF,1.0
PDRF,1.0
KSVM,1.0
DF,0.9666666666666667
RF,0.9666666666666667
NN,0.7
