Model,Accuracy
PDRF,1.0
KSVM,1.0
PRF,0.9666666666666667
NN,0.9333333333333333
DF,0.8666666666666667
RF,0.8666666666666667
