Model,Accuracy
KSVM,0.7987012987012987
DF,0.7792207792207793
RF,0.7597402597402597
PRF,0.7207792207792207
NN,0.7012987012987013
PDRF,0.6948051948051948
