Model,Accuracy
PDRF,1.0
DF,0.7272727272727273
KSVM,0.6883116883116883
PRF,0.6818181818181818
NN,0.6623376623376623
RF,0.6363636363636364
