Model,Accuracy
PDRF,1.0
DF,0.956140350877193
RF,0.9473684210526315
PRF,0.9298245614035088
KSVM,0.9210526315789473
NN,0.9035087719298246
