Model,Accuracy
PDRF,1.0
KSVM,0.6262626262626263
DF,0.622895622895623
PRF,0.6195286195286195
RF,0.5959595959595959
NN,0.4983164983164983
