Model,Accuracy
PDRF,1.0
DF,0.6363636363636364
PRF,0.6161616161616161
KSVM,0.6060606060606061
RF,0.5824915824915825
NN,0.4983164983164983
